ID,First Name,Last Name,Email,Gender
1,Natale,Fyndon,nfyndon0@tamu.edu,Male
2,Kingsley,Larkings,klarkings1@w3.org,Male
3,Artur,Klemencic,aklemencic2@sitemeter.com,Male
4,Mart,O'Scandall,moscandall3@bigcartel.com,Male
5,Maiga,Jackalin,mjackalin4@gizmodo.com,Female
6,Chuck,Lathwood,clathwood5@multiply.com,Male
7,Aurelea,Gianotti,agianotti6@shareasale.com,Female
8,Viola,Gethings,vgethings7@lulu.com,Non-binary
9,Peadar,Mobley,pmobley8@acquirethisname.com,Male
10,Karie,Kohen,kkohen9@theguardian.com,Female
11,Casar,Wellbelove,cwellbelovea@answers.com,Male
12,Alexis,Branigan,abraniganb@youku.com,Male
13,Florenza,Greve,fgrevec@ovh.net,Female
14,Hunt,Farndon,hfarndond@ucla.edu,Male
15,Joelie,Hartin,jhartine@t-online.de,Non-binary
16,Conrado,Buckwell,cbuckwellf@uol.com.br,Male
17,Salvatore,MacConnell,smacconnellg@independent.co.uk,Male
18,Raimund,Ox,roxh@mediafire.com,Male
19,Hazel,Baddoe,hbaddoei@businessweek.com,Male
20,Lacey,Pollett,lpollettj@paypal.com,Female